{"1.0000000000000004e-06": 0.4848484992980957, "5.994842503189417e-07": 0.4848484992980957, "3.5938136638046265e-07": 0.5151515007019043, "2.1544346900318843e-07": 0.469696968793869, "1.2915496650148827e-07": 0.5151515007019043, "7.742636826811268e-08": 0.4848484992980957, "4.64158883361278e-08": 0.4848484992980957, "2.7825594022071167e-08": 0.4848484992980957, "1.668100537200055e-08": 0.5151515007019043, "9.999999999999982e-09": 0.4848484992980957}